Alias,handle_tube_wafers
K3482550004,"['K3482550004', 'K3482550005', 'K3482550006', 'K3482550007', 'K3482550008', 'K3482550009', 'K3482550010', 'K3482550011', 'K3482550012', 'K3482550013', 'K3482550014', 'K3482550015', 'K3482550016', 'K3482550017', 'K3482550018', 'K3482550020', 'K3482550021', 'K3482550022', 'K3482550023', 'K3482550024', 'K3482550025', 'K4062K60001', 'K4062K60002', 'K4062K60003', 'K4062K60004', 'K4062K60005', 'K4062K60006', 'K4062K60007', 'K4062K60008', 'K4062K60009', 'K4062K60010', 'K4062K60011', 'K4062K60012', 'K4062K60013', 'K4062K60014', 'K4062K60015', 'K4062K60016', 'K4062K60017', 'K4062K60018', 'K4062K60019', 'K4062K60020', 'K4062K60021', 'K4062K60022', 'K4062K60023', 'K4062K60024', 'K4062K60025', 'K4072M90001', 'K4072M90002', 'K4072M90003', 'K4072M90004', 'K4072M90005', 'K4072M90006', 'K4072M90007', 'K4072M90008', 'K4072M90009', 'K4072M90010', 'K4072M90011', 'K4072M90012', 'K4072M90013', 'K4072M90014', 'K4072M90015', 'K4072M90016', 'K4072M90017', 'K4072M90018', 'K4072M90019', 'K4072M90020', 'K4072M90021', 'K4072M90022', 'K4072M90023', 'K4072M90024', 'K4072M90025', 'NKCC0250019', 'NKCC0250003', 'NKC90550025']"
K4053P10001,"['K4053P10001', 'K4053P10002', 'K4053P10003', 'K4053P10004', 'K4053P10005', 'K4053P10006', 'K4053P10007', 'K4053P10008', 'K4053P10009', 'K4053P10010', 'K4053P10011', 'K4053P10012', 'K4053P10013', 'K4053P10014', 'K4053P10015', 'K4053P10016', 'K4053P10017', 'K4053P10018', 'K4053P10019', 'K4053P10020', 'K4053P10021', 'K4053P10022', 'K4053P10023', 'K4053P10024', 'K4053P10025', 'K4053Q20001', 'K4053Q20002', 'K4053Q20003', 'K4053Q20004', 'K4053Q20005', 'K4053Q20006', 'K4053Q20007', 'K4053Q20008', 'K4053Q20009', 'K4053Q20010', 'K4053Q20011', 'K4053Q20012', 'K4053Q20013', 'K4053Q20014', 'K4053Q20015', 'K4053Q20016', 'K4053Q20017', 'K4053Q20018', 'K4053Q20019', 'K4053Q20020', 'K4053Q20021', 'K4053Q20022', 'K4053Q20023', 'K4053Q20024', 'K4053Q20025', 'K4053R30001', 'K4053R30002', 'K4053R30003', 'K4053R30004', 'K4053R30005', 'K4053R30006', 'K4053R30007', 'K4053R30008', 'K4053R30012', 'K4053R30009', 'K4053R30010', 'K4053R30011', 'K4053R30013', 'K4053R30014', 'K4053R30015', 'K4053R30016', 'K4053R30017', 'K4053R30018', 'K4053R30019', 'K4053R30020', 'K4053R30021', 'K4053R30022', 'K4053R30023', 'K4053R30024', 'K4053R30025', 'K4062500001', 'K4062500002', 'K4062500003', 'K4062500004', 'K4062500005', 'K4062500006', 'K4062500007', 'K4062500008', 'K4062500009', 'K4062500010', 'K4062500011', 'K4062500012', 'K4062500013', 'K4062500014', 'K4062500015', 'K4062500016', 'K4062500017', 'K4062500018', 'K4062500019', 'K4062500020', 'K4062500021', 'K4062500022', 'K4062500023', 'K4062500024', 'K4062500025', 'NKCD0690001', 'NKCD0690025', 'NKCD0690024']"
K4062J50001,"['K4062J50001', 'K4062J50002', 'K4062J50003', 'K4062J50004', 'K4062J50005', 'K4062J50006', 'K4062J50007', 'K4062J50008', 'K4062J50009', 'K4062J50010', 'K4062J50011', 'K4062J50012', 'K4062J50013', 'K4062J50014', 'K4062J50015', 'K4062J50016', 'K4062J50017', 'K4062J50018', 'K4062J50019', 'K4062J50020', 'K4062J50021', 'K4062J50022', 'K4062J50023', 'K4062J50024', 'K4062J50025', 'K4072950001', 'K4072950002', 'K4072950003', 'K4072950004', 'K4072950005', 'K4072950006', 'K4072950007', 'K4072950008', 'K4072950009', 'K4072950010', 'K4072950011', 'K4072950012', 'K4072950013', 'K4072950014', 'K4072950015', 'K4072950016', 'K4072950017', 'K4072950018', 'K4072950019', 'K4072950020', 'K4072950021', 'K4072950022', 'K4072950023', 'K4072950024', 'K4072950025', 'K4072B80001', 'K4072B80002', 'K4072B80003', 'K4072B80004', 'K4072B80005', 'K4072B80006', 'K4072B80007', 'K4072B80008', 'K4072B80009', 'K4072B80010', 'K4072B80011', 'K4072B80012', 'K4072B80013', 'K4072B80014', 'K4072B80015', 'K4072B80016', 'K4072B80017', 'K4072B80018', 'K4072B80019', 'K4072B80020', 'K4072B80021', 'K4072B80022', 'K4072B80023', 'K4072B80024', 'K4082300001', 'K4082300002', 'K4082300003', 'K4082300004', 'K4082300005', 'K4082300006', 'K4082300007', 'K4082300008', 'K4082300009', 'K4082300010', 'K4082300011', 'K4082300012', 'K4082300013', 'K4082300014', 'K4082300015', 'K4082300019', 'K4082300016', 'K4082300017', 'K4082300018', 'K4082300020', 'K4082300021', 'K4082300022', 'K4082300023', 'K4082300024', 'K4082300025', 'NKCD0600020', 'NKCC0020001', 'NKCD0690015']"
K4052710001,"['K4052710001', 'K4052710002', 'K4052710003', 'K4052710004', 'K4052710005', 'K4052710006', 'K4052710007', 'K4052710008', 'K4052710009', 'K4052710010', 'K4052710011', 'K4052710012', 'K4052710013', 'K4052710014', 'K4052710015', 'K4052710016', 'K4052710017', 'K4052710018', 'K4052710019', 'K4052710020', 'K4052710021', 'K4052710022', 'K4052710023', 'K4052710024', 'K4052710025', 'K4072W90001', 'K4072W90002', 'K4072W90003', 'K4072W90004', 'K4072W90005', 'K4072W90006', 'K4072W90007', 'K4072W90008', 'K4072W90009', 'K4072W90010', 'K4072W90011', 'K4072W90012', 'K4072W90013', 'K4072W90014', 'K4072W90015', 'K4072W90016', 'K4072W90017', 'K4072W90018', 'K4072W90019', 'K4072W90020', 'K4072W90021', 'K4072W90022', 'K4072W90023', 'K4072W90024', 'K4072W90025', 'K4082410001', 'K4082410002', 'K4082410003', 'K4082410004', 'K4082410005', 'K4082410006', 'K4082410007', 'K4082410008', 'K4082410009', 'K4082410010', 'K4082410011', 'K4082410012', 'K4082410013', 'K4082410014', 'K4082410015', 'K4082410016', 'K4082410017', 'K4082410018', 'K4082410019', 'K4082410020', 'K4082410021', 'K4082410022', 'K4082410023', 'K4082410024', 'K4082410025', 'K4091K80001', 'K4091K80002', 'K4091K80003', 'K4091K80004', 'K4091K80005', 'K4091K80006', 'K4091K80007', 'K4091K80008', 'K4091K80009', 'K4091K80010', 'K4091K80011', 'K4091K80012', 'K4091K80013', 'K4091K80014', 'K4091K80015', 'K4091K80016', 'K4091K80017', 'K4091K80018', 'K4091K80019', 'K4091K80020', 'K4091K80021', 'K4091K80025', 'K4091K80022', 'K4091K80023', 'K4091K80024', 'NKCC0250008', 'NKCD0600018', 'NKCC0020021']"
K4072A70001,"['K4072A70001', 'K4072A70002', 'K4072A70003', 'K4072A70004', 'K4072A70005', 'K4072A70006', 'K4072A70007', 'K4072A70008', 'K4072A70009', 'K4072A70010', 'K4072A70011', 'K4072A70012', 'K4072A70013', 'K4072A70014', 'K4072A70015', 'K4072A70016', 'K4072A70017', 'K4072A70018', 'K4072A70019', 'K4072A70020', 'K4072A70021', 'K4072A70022', 'K4072A70023', 'K4072A70024', 'K4072A70025', 'K4082A80001', 'K4082A80002', 'K4082A80003', 'K4082A80004', 'K4082A80005', 'K4082A80006', 'K4082A80007', 'K4082A80008', 'K4082A80009', 'K4082A80010', 'K4082A80011', 'K4082A80012', 'K4082A80013', 'K4082A80014', 'K4082A80015', 'K4082A80016', 'K4082A80017', 'K4082A80018', 'K4082A80019', 'K4082A80020', 'K4082A80021', 'K4082A80022', 'K4082A80023', 'K4082A80024', 'K4082A80025', 'K4082H50001', 'K4082H50002', 'K4082H50003', 'K4082H50004', 'K4082H50005', 'K4082H50006', 'K4082H50007', 'K4082H50008', 'K4082H50009', 'K4082H50010', 'K4082H50011', 'K4082H50012', 'K4082H50013', 'K4082H50014', 'K4082H50015', 'K4082H50016', 'K4082H50017', 'K4082H50018', 'K4082H50019', 'K4082H50020', 'K4082H50021', 'K4082H50022', 'K4082H50023', 'K4082H50024', 'K4082H50025', 'K4082J70001', 'K4082J70002', 'K4082J70003', 'K4082J70004', 'K4082J70005', 'K4082J70006', 'K4082J70007', 'K4082J70008', 'K4082J70009', 'K4082J70010', 'K4082J70011', 'K4082J70012', 'K4082J70013', 'K4082J70014', 'K4082J70015', 'K4082J70016', 'K4082J70017', 'K4082J70018', 'K4082J70019', 'K4082J70020', 'K4082J70021', 'K4082J70022', 'K4082J70023', 'K4082J70024', 'K4082J70025', 'NKCC0250016', 'NKCF0050007', 'NKCF0050010']"
K4072P20001,"['K4072P20001', 'K4072P20002', 'K4072P20003', 'K4072P20004', 'K4072P20005', 'K4072P20006', 'K4072P20007', 'K4072P20008', 'K4072P20009', 'K4072P20010', 'K4072P20011', 'K4072P20012', 'K4072P20013', 'K4072P20014', 'K4072P20015', 'K4072P20016', 'K4072P20017', 'K4072P20018', 'K4072P20019', 'K4072P20020', 'K4072P20021', 'K4072P20022', 'K4072P20023', 'K4072P20024', 'K4072P20025', 'K4082G40001', 'K4082G40002', 'K4082G40003', 'K4082G40004', 'K4082G40005', 'K4082G40006', 'K4082G40007', 'K4082G40008', 'K4082G40009', 'K4082G40010', 'K4082G40011', 'K4082G40012', 'K4082G40013', 'K4082G40014', 'K4082G40015', 'K4082G40016', 'K4082G40017', 'K4082G40018', 'K4082G40019', 'K4082G40020', 'K4082G40021', 'K4082G40022', 'K4082G40023', 'K4082G40024', 'K4082G40025', 'K4091V90001', 'K4091V90002', 'K4091V90003', 'K4091V90004', 'K4091V90005', 'K4091V90006', 'K4091V90007', 'K4091V90008', 'K4091V90009', 'K4091V90010', 'K4091V90011', 'K4091V90012', 'K4091V90013', 'K4091V90014', 'K4091V90015', 'K4091V90016', 'K4091V90017', 'K4091V90018', 'K4091V90019', 'K4091V90020', 'K4091V90021', 'K4091V90022', 'K4091V90023', 'K4091V90024', 'K4091V90025', 'K4092080001', 'K4092080002', 'K4092080003', 'K4092080004', 'K4092080005', 'K4092080006', 'K4092080007', 'K4092080008', 'K4092080009', 'K4092080010', 'K4092080011', 'K4092080012', 'K4092080013', 'K4092080014', 'K4092080015', 'K4092080016', 'K4092080017', 'K4092080018', 'K4092080019', 'K4092080020', 'K4092080021', 'K4092080022', 'K4092080023', 'K4092080024', 'K4092080025', 'NKCC0250022', 'NKCC0250007', 'NKCB0110003']"
K4062Z10001,"['K4062Z10001', 'K4062Z10002', 'K4062Z10003', 'K4062Z10004', 'K4062Z10005', 'K4062Z10006', 'K4062Z10007', 'K4062Z10008', 'K4062Z10009', 'K4062Z10010', 'K4062Z10011', 'K4062Z10012', 'K4062Z10013', 'K4062Z10014', 'K4062Z10015', 'K4062Z10016', 'K4062Z10017', 'K4062Z10018', 'K4062Z10019', 'K4062Z10020', 'K4062Z10021', 'K4062Z10022', 'K4062Z10023', 'K4062Z10024', 'K4062Z10025', 'K4072X00001', 'K4072X00002', 'K4072X00003', 'K4072X00004', 'K4072X00008', 'K4072X00005', 'K4072X00006', 'K4072X00007', 'K4072X00009', 'K4072X00010', 'K4072X00011', 'K4072X00012', 'K4072X00013', 'K4072X00014', 'K4072X00015', 'K4072X00016', 'K4072X00017', 'K4072X00018', 'K4072X00019', 'K4072X00020', 'K4072X00021', 'K4072X00022', 'K4072X00023', 'K4072X00024', 'K4072X00025', 'K4082C00001', 'K4082C00002', 'K4082C00003', 'K4082C00004', 'K4082C00005', 'K4082C00006', 'K4082C00007', 'K4082C00008', 'K4082C00009', 'K4082C00010', 'K4082C00011', 'K4082C00012', 'K4082C00013', 'K4082C00014', 'K4082C00015', 'K4082C00016', 'K4082C00017', 'K4082C00018', 'K4082C00019', 'K4082C00020', 'K4082C00021', 'K4082C00022', 'K4082C00023', 'K4082C00024', 'K4082C00025', 'NKCC0250023', 'NKCF0050025', 'NKCF0060024', 'SKC80020001', 'SKC80020002', 'SKC80020003', 'SKC80020004', 'SKC80020005', 'SKC80020006', 'SKC80020007', 'SKC80020008', 'SKC80020009', 'SKC80020010', 'SKC80020011', 'SKC80020012', 'SKC80020013', 'SKC80020014', 'SKC80020015', 'SKC80020016', 'SKC80020017', 'SKC80020018', 'SKC80020019', 'SKC80020020', 'SKC80020021', 'SKC80020022', 'SKC80020023', 'SKC80020024', 'SKC80020025']"
K4062610001,"['K4062610001', 'K4062610002', 'K4062610003', 'K4062610004', 'K4062610005', 'K4062610006', 'K4062610007', 'K4062610008', 'K4062610009', 'K4062610010', 'K4062610011', 'K4062610012', 'K4062610013', 'K4062610014', 'K4062610015', 'K4062610016', 'K4062610017', 'K4062610018', 'K4062610019', 'K4062610020', 'K4062610021', 'K4062610022', 'K4062610023', 'K4062610024', 'K4062610025', 'K4062R30001', 'K4062R30002', 'K4062R30003', 'K4062R30005', 'K4062R30006', 'K4062R30007', 'K4062R30008', 'K4062R30010', 'K4062R30011', 'K4062R30012', 'K4062R30013', 'K4062R30015', 'K4062R30016', 'K4062R30017', 'K4062R30019', 'K4062R30020', 'K4062R30021', 'K4062R30022', 'K4062R30024', 'K4062R30025', 'K4062R30004', 'K4062R30009', 'K4062R30014', 'K4062R30018', 'K4062R30023', 'K4062S40001', 'K4062S40002', 'K4062S40003', 'K4062S40005', 'K4062S40006', 'K4062S40007', 'K4062S40008', 'K4062S40010', 'K4062S40011', 'K4062S40012', 'K4062S40013', 'K4062S40015', 'K4062S40016', 'K4062S40017', 'K4062S40019', 'K4062S40020', 'K4062S40021', 'K4062S40022', 'K4062S40024', 'K4062S40025', 'K4062S40004', 'K4062S40009', 'K4062S40014', 'K4062S40018', 'K4062S40023', 'K4091R50001', 'K4091R50002', 'K4091R50003', 'K4091R50004', 'K4091R50005', 'K4091R50006', 'K4091R50007', 'K4091R50008', 'K4091R50009', 'K4091R50010', 'K4091R50011', 'K4091R50012', 'K4091R50013', 'K4091R50014', 'K4091R50015', 'K4091R50016', 'K4091R50017', 'K4091R50018', 'K4091R50019', 'K4091R50020', 'K4091R50021', 'K4091R50025', 'K4091R50022', 'K4091R50023', 'K4091R50024', 'NKCD0600010', 'NKCD0600008', 'NKCD0690023']"
K4053V70001,"['K4053V70001', 'K4053V70002', 'K4053V70003', 'K4053V70004', 'K4053V70005', 'K4053V70006', 'K4053V70007', 'K4053V70008', 'K4053V70009', 'K4053V70010', 'K4053V70011', 'K4053V70012', 'K4053V70013', 'K4053V70014', 'K4053V70015', 'K4053V70016', 'K4053V70017', 'K4053V70018', 'K4053V70019', 'K4053V70020', 'K4053V70021', 'K4053V70022', 'K4053V70023', 'K4053V70024', 'K4053V70025', 'K4053W80001', 'K4053W80002', 'K4053W80003', 'K4053W80004', 'K4053W80005', 'K4053W80006', 'K4053W80007', 'K4053W80008', 'K4053W80009', 'K4053W80010', 'K4053W80011', 'K4053W80012', 'K4053W80013', 'K4053W80014', 'K4053W80015', 'K4053W80016', 'K4053W80017', 'K4053W80018', 'K4053W80019', 'K4053W80020', 'K4053W80021', 'K4053W80022', 'K4053W80023', 'K4053W80024', 'K4053W80025', 'K4062A60001', 'K4062A60002', 'K4062A60003', 'K4062A60004', 'K4062A60005', 'K4062A60006', 'K4062A60007', 'K4062A60008', 'K4062A60009', 'K4062A60010', 'K4062A60011', 'K4062A60012', 'K4062A60013', 'K4062A60014', 'K4062A60015', 'K4062A60016', 'K4062A60017', 'K4062A60018', 'K4062A60019', 'K4062A60020', 'K4062A60021', 'K4062A60022', 'K4062A60023', 'K4062A60024', 'K4062A60025', 'K4062C80001', 'K4062C80002', 'K4062C80003', 'K4062C80004', 'K4062C80005', 'K4062C80006', 'K4062C80010', 'K4062C80007', 'K4062C80008', 'K4062C80009', 'K4062C80011', 'K4062C80012', 'K4062C80013', 'K4062C80014', 'K4062C80015', 'K4062C80016', 'K4062C80017', 'K4062C80018', 'K4062C80019', 'K4062C80020', 'K4062C80021', 'K4062C80022', 'K4062C80023', 'K4062C80024', 'K4062C80025', 'NKCC0250022', 'NKCC0260013', 'NKC90550007']"
K4052600001,"['K4052600001', 'K4052600002', 'K4052600003', 'K4052600008', 'K4052600009', 'K4052600010', 'K4052600011', 'K4052600012', 'K4052600013', 'K4052600014', 'K4052600015', 'K4052600016', 'K4052600017', 'K4052600018', 'K4052600019', 'K4052600020', 'K4052600021', 'K4052600022', 'K4052600023', 'K4052600024', 'K4052600025', 'K4052600004', 'K4052600005', 'K4052600006', 'K4052600007', 'K4072C90001', 'K4072C90002', 'K4072C90003', 'K4072C90004', 'K4072C90005', 'K4072C90006', 'K4072C90007', 'K4072C90008', 'K4072C90009', 'K4072C90010', 'K4072C90011', 'K4072C90012', 'K4072C90013', 'K4072C90014', 'K4072C90015', 'K4072C90016', 'K4072C90017', 'K4072C90018', 'K4072C90019', 'K4072C90020', 'K4072C90021', 'K4072C90022', 'K4072C90023', 'K4072C90024', 'K4072C90025', 'K4072U70001', 'K4072U70002', 'K4072U70003', 'K4072U70004', 'K4072U70005', 'K4072U70006', 'K4072U70007', 'K4072U70008', 'K4072U70009', 'K4072U70010', 'K4072U70011', 'K4072U70012', 'K4072U70013', 'K4072U70014', 'K4072U70015', 'K4072U70016', 'K4072U70017', 'K4072U70018', 'K4072U70019', 'K4072U70020', 'K4072U70021', 'K4072U70022', 'K4072U70023', 'K4072U70024', 'K4072U70025', 'K4072V80001', 'K4072V80002', 'K4072V80003', 'K4072V80004', 'K4072V80005', 'K4072V80006', 'K4072V80007', 'K4072V80008', 'K4072V80009', 'K4072V80010', 'K4072V80011', 'K4072V80012', 'K4072V80013', 'K4072V80014', 'K4072V80015', 'K4072V80016', 'K4072V80017', 'K4072V80018', 'K4072V80019', 'K4072V80020', 'K4072V80021', 'K4072V80022', 'K4072V80023', 'K4072V80024', 'NKCC0250014', 'NKCC0250017', 'NKCC0250023']"
K4082M00001,"['K4082M00001', 'K4082M00002', 'K4082M00003', 'K4082M00004', 'K4082M00005', 'K4082M00006', 'K4082M00007', 'K4082M00008', 'K4082M00009', 'K4082M00010', 'K4082M00011', 'K4082M00012', 'K4082M00013', 'K4082M00014', 'K4082M00015', 'K4082M00016', 'K4082M00017', 'K4082M00018', 'K4082M00019', 'K4082M00020', 'K4082M00021', 'K4082M00022', 'K4082M00023', 'K4082M00024', 'K4082M00025', 'NKCF0050004', 'NKCF0060011', 'NKCB0130019', 'SKAF0020017']"
K4072H40001,"['K4072H40001', 'K4072H40002', 'K4072H40003', 'K4072H40004', 'K4072H40005', 'K4072H40006', 'K4072H40007', 'K4072H40008', 'K4072H40009', 'K4072H40010', 'K4072H40011', 'K4072H40012', 'K4072H40013', 'K4072H40014', 'K4072H40015', 'K4072H40016', 'K4072H40017', 'K4072H40021', 'K4072H40018', 'K4072H40019', 'K4072H40020', 'K4072H40022', 'K4072H40023', 'K4072H40024', 'K4072H40025', 'K4082B90001', 'K4082B90002', 'K4082B90003', 'K4082B90004', 'K4082B90005', 'K4082B90006', 'K4082B90007', 'K4082B90008', 'K4082B90009', 'K4082B90010', 'K4082B90011', 'K4082B90012', 'K4082B90013', 'K4082B90014', 'K4082B90015', 'K4082B90016', 'K4082B90017', 'K4082B90018', 'K4082B90019', 'K4082B90020', 'K4082B90021', 'K4082B90022', 'K4082B90023', 'K4082B90024', 'K4082B90025', 'K4091L90001', 'K4091L90002', 'K4091L90003', 'K4091L90004', 'K4091L90005', 'K4091L90006', 'K4091L90007', 'K4091L90008', 'K4091L90009', 'K4091L90010', 'K4091L90011', 'K4091L90012', 'K4091L90013', 'K4091L90014', 'K4091L90015', 'K4091L90016', 'K4091L90017', 'K4091L90018', 'K4091L90019', 'K4091L90020', 'K4091L90021', 'K4091L90022', 'K4091L90023', 'K4091L90024', 'K4091L90025', 'K4091Q40001', 'K4091Q40002', 'K4091Q40003', 'K4091Q40004', 'K4091Q40005', 'K4091Q40006', 'K4091Q40007', 'K4091Q40008', 'K4091Q40009', 'K4091Q40010', 'K4091Q40011', 'K4091Q40012', 'K4091Q40013', 'K4091Q40014', 'K4091Q40015', 'K4091Q40016', 'K4091Q40017', 'K4091Q40018', 'K4091Q40019', 'K4091Q40020', 'K4091Q40021', 'K4091Q40022', 'K4091Q40023', 'K4091Q40024', 'K4091Q40025', 'NKCF0050016', 'NKCD0690013', 'NKCB0110003']"
K4052820001,"['K4052820001', 'K4052820002', 'K4052820003', 'K4052820004', 'K4052820005', 'K4052820006', 'K4052820007', 'K4052820008', 'K4052820009', 'K4052820010', 'K4052820011', 'K4052820012', 'K4052820013', 'K4052820014', 'K4052820015', 'K4052820016', 'K4052820017', 'K4052820018', 'K4052820019', 'K4052820020', 'K4052820021', 'K4052820022', 'K4052820023', 'K4052820024', 'K4052820025', 'NKCF0050019', 'NKCF0050011', 'NKCF0050008']"
K4082K80001,"['K4082K80001', 'K4082K80002', 'K4082K80003', 'K4082K80004', 'K4082K80005', 'K4082K80006', 'K4082K80007', 'K4082K80008', 'K4082K80009', 'K4082K80010', 'K4082K80011', 'K4082K80012', 'K4082K80013', 'K4082K80014', 'K4082K80015', 'K4082K80016', 'K4082K80017', 'K4082K80018', 'K4082K80019', 'K4082K80020', 'K4082K80021', 'K4082K80022', 'K4082K80023', 'K4082K80024', 'K4082K80025', 'K4082L90001', 'K4082L90002', 'K4082L90003', 'K4082L90004', 'K4082L90005', 'K4082L90006', 'K4082L90007', 'K4082L90008', 'K4082L90009', 'K4082L90010', 'K4082L90011', 'K4082L90012', 'K4082L90013', 'K4082L90014', 'K4082L90015', 'K4082L90016', 'K4082L90017', 'K4082L90018', 'K4082L90019', 'K4082L90020', 'K4082L90021', 'K4082L90022', 'K4082L90023', 'K4082L90024', 'K4082L90025', 'K4082N10001', 'K4082N10002', 'K4082N10003', 'K4082N10004', 'K4082N10005', 'K4082N10006', 'K4082N10007', 'K4082N10008', 'K4082N10009', 'K4082N10010', 'K4082N10011', 'K4082N10012', 'K4082N10013', 'K4082N10014', 'K4082N10015', 'K4082N10016', 'K4082N10017', 'K4082N10018', 'K4082N10019', 'K4082N10020', 'K4082N10021', 'K4082N10022', 'K4082N10023', 'K4082N10024', 'K4082N10025', 'NKCF0050023', 'NKCF0530015', 'NKCB0110003']"
K4101V10001,"['K4101V10001', 'K4101V10002', 'K4101V10003', 'K4101V10004', 'K4101V10005', 'K4101V10006', 'K4101V10007', 'K4101V10008', 'K4101V10009', 'K4101V10010', 'K4101V10011', 'K4101V10012', 'K4101V10013', 'K4101V10014', 'K4101V10015', 'K4101V10016', 'K4101V10017', 'K4101V10018', 'K4101V10019', 'K4101V10020', 'K4101V10021', 'K4101V10022', 'K4101V10023', 'K4101V10024', 'K4101V10025', 'K4104A30001', 'K4104A30002', 'K4104A30003', 'K4104A30004', 'K4104A30005', 'K4104A30006', 'K4104A30007', 'K4104A30008', 'K4104A30009', 'K4104A30010', 'K4104A30011', 'K4104A30012', 'K4104A30013', 'K4104A30014', 'K4104A30015', 'K4104A30016', 'K4104A30017', 'K4104A30018', 'K4104A30019', 'K4104A30020', 'K4104A30021', 'K4104A30022', 'K4104A30023', 'K4104A30024', 'K4104A30025', 'NKCC0050022', 'NKCD0600013', 'NKCH0060001']"
K4114H10001,"['K4114H10001', 'K4114H10002', 'K4114H10003', 'K4114H10004', 'K4114H10005', 'K4114H10006', 'K4114H10007', 'K4114H10008', 'K4114H10009', 'K4114H10010', 'K4114H10011', 'K4114H10012', 'K4114H10013', 'K4114H10014', 'K4114H10015', 'K4114H10016', 'K4114H10017', 'K4114H10018', 'K4114H10019', 'K4114H10020', 'K4114H10021', 'K4114H10022', 'K4114H10023', 'K4114H10024', 'K4114H10025', 'NKCH0060020', 'NKCH0060017', 'NKCH0060010']"
K4060580001,"['K4060580001', 'K4060580002', 'K4060580003', 'K4060580004', 'K4060580005', 'K4060580006', 'K4060580007', 'K4060580008', 'K4060580009', 'K4060580010', 'K4060580011', 'K4060580012', 'K4060580013', 'K4060580014', 'K4060580015', 'K4060580016', 'K4060580017', 'K4060580018', 'K4060580019', 'K4060580020', 'K4060580021', 'K4060580022', 'K4060580023', 'K4060580024', 'K4060580025', 'K4101L10001', 'K4101L10002', 'K4101L10003', 'K4101L10004', 'K4101L10005', 'K4101L10006', 'K4101L10007', 'K4101L10008', 'K4101L10009', 'K4101L10010', 'K4101L10011', 'K4101L10012', 'K4101L10013', 'K4101L10014', 'K4101L10015', 'K4101L10016', 'K4101L10017', 'K4101L10018', 'K4101L10019', 'K4101L10020', 'K4101L10021', 'K4101L10022', 'K4101L10023', 'K4101L10024', 'K4101L10025', 'K4102990001', 'K4102990002', 'K4102990003', 'K4102990004', 'K4102990005', 'K4102990006', 'K4102990009', 'K4102990010', 'K4102990011', 'K4102990012', 'K4102990013', 'K4102990014', 'K4102990015', 'K4102990016', 'K4102990017', 'K4102990018', 'K4102990019', 'K4102990020', 'K4102990021', 'K4102990022', 'K4102990023', 'K4102990024', 'K4102990025', 'NKCH0060025', 'NKCH0060022', 'NKCH0060019', 'SKAP0090024', 'SKAP0090025']"
K4092T80001,"['K4092T80001', 'K4092T80002', 'K4092T80003', 'K4092T80004', 'K4092T80005', 'K4092T80006', 'K4092T80007', 'K4092T80008', 'K4092T80009', 'K4092T80010', 'K4092T80011', 'K4092T80012', 'K4092T80013', 'K4092T80014', 'K4092T80015', 'K4092T80016', 'K4092T80017', 'K4092T80018', 'K4092T80019', 'K4092T80020', 'K4092T80021', 'K4092T80022', 'K4092T80023', 'K4092T80024', 'K4092T80025', 'K4111P60001', 'K4111P60002', 'K4111P60003', 'K4111P60004', 'K4111P60005', 'K4111P60006', 'K4111P60007', 'K4111P60008', 'K4111P60009', 'K4111P60010', 'K4111P60011', 'K4111P60012', 'K4111P60013', 'K4111P60014', 'K4111P60015', 'K4111P60016', 'K4111P60017', 'K4111P60018', 'K4111P60019', 'K4111P60020', 'K4111P60021', 'K4111P60022', 'K4111P60023', 'K4111P60024', 'K4111P60025', 'K4113T20001', 'K4113T20002', 'K4113T20003', 'K4113T20004', 'K4113T20005', 'K4113T20006', 'K4113T20007', 'K4113T20008', 'K4113T20009', 'K4113T20010', 'K4113T20011', 'K4113T20012', 'K4113T20013', 'K4113T20014', 'K4113T20015', 'K4113T20016', 'K4113T20017', 'K4113T20018', 'K4113T20019', 'K4113T20020', 'K4113T20021', 'K4113T20022', 'K4113T20023', 'K4113T20024', 'K4113T20025', 'NKCH0060024', 'NKCH0060019', 'NKCH0060012']"
K4111660001,"['K4111660001', 'K4111660002', 'K4111660003', 'K4111660004', 'K4111660005', 'K4111660006', 'K4111660007', 'K4111660008', 'K4111660009', 'K4111660010', 'K4111660011', 'K4111660012', 'K4111660013', 'K4111660014', 'K4111660015', 'K4111660016', 'K4111660017', 'K4111660018', 'K4111660019', 'K4111660020', 'K4111660021', 'K4111660022', 'K4111660023', 'K4111660024', 'K4111660025', 'K4111880001', 'K4111880002', 'K4111880003', 'K4111880004', 'K4111880005', 'K4111880006', 'K4111880007', 'K4111880008', 'K4111880009', 'K4111880010', 'K4111880011', 'K4111880012', 'K4111880013', 'K4111880014', 'K4111880015', 'K4111880016', 'K4111880017', 'K4111880018', 'K4111880019', 'K4111880020', 'K4111880021', 'K4111880022', 'K4111880023', 'K4111880024', 'K4111880025', 'K4113R00001', 'K4113R00002', 'K4113R00003', 'K4113R00004', 'K4113R00005', 'K4113R00006', 'K4113R00007', 'K4113R00008', 'K4113R00009', 'K4113R00010', 'K4113R00011', 'K4113R00012', 'K4113R00013', 'K4113R00014', 'K4113R00015', 'K4113R00016', 'K4113R00020', 'K4113R00017', 'K4113R00018', 'K4113R00019', 'K4113R00021', 'K4113R00022', 'K4113R00023', 'K4113R00024', 'K4113R00025', 'K4113S10001', 'K4113S10002', 'K4113S10003', 'K4113S10004', 'K4113S10005', 'K4113S10006', 'K4113S10007', 'K4113S10008', 'K4113S10009', 'K4113S10010', 'K4113S10011', 'K4113S10012', 'K4113S10013', 'K4113S10014', 'K4113S10015', 'K4113S10016', 'K4113S10017', 'K4113S10018', 'K4113S10019', 'K4113S10020', 'K4113S10021', 'K4113S10022', 'K4113S10023', 'K4113S10024', 'K4113S10025', 'NKCD0600024', 'NKCC0080024', 'NKCH0430013']"
K4092V00001,"['K4092V00001', 'K4092V00002', 'K4092V00003', 'K4092V00004', 'K4092V00005', 'K4092V00006', 'K4092V00007', 'K4092V00008', 'K4092V00009', 'K4092V00010', 'K4092V00011', 'K4092V00012', 'K4092V00013', 'K4092V00014', 'K4092V00015', 'K4092V00019', 'K4092V00016', 'K4092V00017', 'K4092V00018', 'K4092V00020', 'K4092V00021', 'K4092V00022', 'K4092V00023', 'K4092V00024', 'K4092V00025', 'K4111S90001', 'K4111S90005', 'K4111S90002', 'K4111S90003', 'K4111S90004', 'K4111S90006', 'K4111S90007', 'K4111S90008', 'K4111S90009', 'K4111S90010', 'K4111S90011', 'K4111S90012', 'K4111S90013', 'K4111S90014', 'K4111S90015', 'K4111S90016', 'K4111S90017', 'K4111S90018', 'K4111S90019', 'K4111S90020', 'K4111S90021', 'K4111S90022', 'K4111S90023', 'K4111S90024', 'K4111S90025', 'K4113Z80001', 'K4113Z80002', 'K4113Z80003', 'K4113Z80004', 'K4113Z80005', 'K4113Z80006', 'K4113Z80007', 'K4113Z80008', 'K4113Z80009', 'K4113Z80010', 'K4113Z80011', 'K4113Z80012', 'K4113Z80013', 'K4113Z80014', 'K4113Z80015', 'K4113Z80016', 'K4113Z80017', 'K4113Z80018', 'K4113Z80019', 'K4113Z80020', 'K4113Z80021', 'K4113Z80022', 'K4113Z80023', 'K4113Z80024', 'K4113Z80025', 'K4114360001', 'K4114360002', 'K4114360003', 'K4114360004', 'K4114360005', 'K4114360006', 'K4114360007', 'K4114360008', 'K4114360009', 'K4114360010', 'K4114360011', 'K4114360012', 'K4114360013', 'K4114360014', 'K4114360015', 'K4114360016', 'K4114360017', 'K4114360018', 'K4114360019', 'K4114360020', 'K4114360021', 'K4114360022', 'K4114360023', 'K4114360024', 'K4114360025', 'NKCH0070010', 'NKCH0070018', 'NKCH0070013']"
K4124G10001,"['K4124G10001', 'K4124G10002', 'K4124G10003', 'K4124G10004', 'K4124G10005', 'K4124G10006', 'K4124G10007', 'K4124G10008', 'K4124G10009', 'K4124G10010', 'K4124G10011', 'K4124G10012', 'K4124G10013', 'K4124G10014', 'K4124G10015', 'K4124G10016', 'K4124G10017', 'K4124G10018', 'K4124G10019', 'K4124G10020', 'K4124G10021', 'K4124G10022', 'K4124G10023', 'K4124G10024', 'K4124G10025', 'K4130L30001', 'K4130L30002', 'K4130L30003', 'K4130L30004', 'K4130L30005', 'K4130L30006', 'K4130L30007', 'K4130L30008', 'K4130L30009', 'K4130L30010', 'K4130L30011', 'K4130L30012', 'K4130L30013', 'K4130L30014', 'K4130L30015', 'K4130L30016', 'K4130L30017', 'K4130L30018', 'K4130L30019', 'K4130L30020', 'K4130L30021', 'K4130L30022', 'K4130L30023', 'K4130L30024', 'K4130L30025', 'K4130S00001', 'K4130S00002', 'K4130S00003', 'K4130S00004', 'K4130S00005', 'K4130S00006', 'K4130S00007', 'K4130S00008', 'K4130S00009', 'K4130S00010', 'K4130S00011', 'K4130S00012', 'K4130S00013', 'K4130S00014', 'K4130S00015', 'K4130S00016', 'K4130S00017', 'K4130S00018', 'K4130S00019', 'K4130S00020', 'K4130S00021', 'K4130S00022', 'K4130S00023', 'K4130S00024', 'K4130S00025', 'NKCF0050003', 'NKCH0070025', 'NKCD0690007']"
K4133590001,"['K4133590001', 'K4133590002', 'K4133590003', 'K4133590004', 'K4133590005', 'K4133590006', 'K4133590007', 'K4133590008', 'K4133590009', 'K4133590010', 'K4133590011', 'K4133590012', 'K4133590013', 'K4133590014', 'K4133590015', 'K4133590016', 'K4133590017', 'K4133590018', 'K4133590019', 'K4133590020', 'K4133590021', 'K4133590022', 'K4133590023', 'K4133590024', 'K4133590025', 'K4141250001', 'K4141250002', 'K4141250003', 'K4141250004', 'K4141250005', 'K4141250006', 'K4141250007', 'K4141250008', 'K4141250009', 'K4141250010', 'K4141250011', 'K4141250012', 'K4141250013', 'K4141250014', 'K4141250015', 'K4141250016', 'K4141250017', 'K4141250018', 'K4141250019', 'K4141250020', 'K4141250021', 'K4141250022', 'K4141250023', 'K4141250024', 'K4141250025', 'NKCK0290022', 'NKCK0290023', 'NKCK0230016']"
K4121F70001,"['K4121F70001', 'K4121F70002', 'K4121F70003', 'K4121F70004', 'K4121F70005', 'K4121F70006', 'K4121F70007', 'K4121F70008', 'K4121F70009', 'K4121F70010', 'K4121F70011', 'K4121F70012', 'K4121F70013', 'K4121F70014', 'K4121F70015', 'K4121F70016', 'K4121F70017', 'K4121F70018', 'K4121F70019', 'K4121F70020', 'K4121F70021', 'K4121F70022', 'K4121F70023', 'K4121F70024', 'K4121F70025', 'K4121J10001', 'K4121J10002', 'K4121J10003', 'K4121J10004', 'K4121J10005', 'K4121J10006', 'K4121J10007', 'K4121J10008', 'K4121J10009', 'K4121J10010', 'K4121J10011', 'K4121J10012', 'K4121J10013', 'K4121J10014', 'K4121J10015', 'K4121J10016', 'K4121J10017', 'K4121J10018', 'K4121J10019', 'K4121J10020', 'K4121J10021', 'K4121J10022', 'K4121J10023', 'K4121J10024', 'K4121J10025', 'K4130M40001', 'K4130M40002', 'K4130M40003', 'K4130M40004', 'K4130M40005', 'K4130M40006', 'K4130M40007', 'K4130M40008', 'K4130M40009', 'K4130M40010', 'K4130M40011', 'K4130M40012', 'K4130M40013', 'K4130M40014', 'K4130M40015', 'K4130M40016', 'K4130M40017', 'K4130M40018', 'K4130M40019', 'K4130M40020', 'K4130M40021', 'K4130M40025', 'K4130M40022', 'K4130M40023', 'K4130M40024', 'NKCK0290007', 'NKCK0290008', 'NKCK0290015']"
K4121H90001,"['K4121H90001', 'K4121H90002', 'K4121H90003', 'K4121H90004', 'K4121H90005', 'K4121H90006', 'K4121H90007', 'K4121H90008', 'K4121H90009', 'K4121H90010', 'K4121H90011', 'K4121H90012', 'K4121H90013', 'K4121H90014', 'K4121H90015', 'K4121H90016', 'K4121H90017', 'K4121H90018', 'K4121H90019', 'K4121H90020', 'K4121H90021', 'K4121H90022', 'K4121H90023', 'K4121H90024', 'K4121H90025', 'K4124F00001', 'K4124F00002', 'K4124F00003', 'K4124F00004', 'K4124F00005', 'K4124F00006', 'K4124F00007', 'K4124F00008', 'K4124F00009', 'K4124F00010', 'K4124F00011', 'K4124F00012', 'K4124F00013', 'K4124F00014', 'K4124F00015', 'K4124F00016', 'K4124F00017', 'K4124F00018', 'K4124F00019', 'K4124F00020', 'K4124F00021', 'K4124F00022', 'K4124F00023', 'K4124F00024', 'K4124F00025', 'K4124H20001', 'K4124H20002', 'K4124H20003', 'K4124H20004', 'K4124H20005', 'K4124H20006', 'K4124H20007', 'K4124H20008', 'K4124H20009', 'K4124H20010', 'K4124H20011', 'K4124H20012', 'K4124H20013', 'K4124H20014', 'K4124H20015', 'K4124H20016', 'K4124H20017', 'K4124H20018', 'K4124H20019', 'K4124H20020', 'K4124H20021', 'K4124H20022', 'K4124H20023', 'K4124H20024', 'K4124H20025', 'NKCF0050001', 'NKCF0180022', 'NKCK0230011']"
K4143H30001,"['K4143H30001', 'K4143H30002', 'K4143H30003', 'K4143H30004', 'K4143H30005', 'K4143H30006', 'K4143H30007', 'K4143H30008', 'K4143H30009', 'K4143H30010', 'K4143H30011', 'K4143H30012', 'K4143H30013', 'K4143H30014', 'K4143H30015', 'K4143H30016', 'K4143H30017', 'K4143H30018', 'K4143H30019', 'K4143H30020', 'K4143H30021', 'K4143H30022', 'K4143H30023', 'K4143H30024', 'K4143H30025', 'NKCM0230023', 'NKCM0230019', 'NKCM0230008']"
K4140M50001,"['K4140M50001', 'K4140M50002', 'K4140M50003', 'K4140M50004', 'K4140M50005', 'K4140M50006', 'K4140M50007', 'K4140M50008', 'K4140M50009', 'K4140M50010', 'K4140M50011', 'K4140M50012', 'K4140M50013', 'K4140M50014', 'K4140M50015', 'K4140M50016', 'K4140M50017', 'K4140M50018', 'K4140M50019', 'K4140M50020', 'K4140M50021', 'K4140M50022', 'K4140M50023', 'K4140M50024', 'K4140M50025', 'K4141470001', 'K4141470002', 'K4141470003', 'K4141470004', 'K4141470005', 'K4141470006', 'K4141470007', 'K4141470008', 'K4141470009', 'K4141470010', 'K4141470011', 'K4141470012', 'K4141470013', 'K4141470014', 'K4141470015', 'K4141470016', 'K4141470017', 'K4141470018', 'K4141470019', 'K4141470020', 'K4141470021', 'K4141470022', 'K4141470023', 'K4141470024', 'K4141470025', 'NKCM0230018', 'NKCM0230025', 'NKCK0230017']"
K4140A30001,"['K4140A30001', 'K4140A30002', 'K4140A30003', 'K4140A30004', 'K4140A30005', 'K4140A30006', 'K4140A30007', 'K4140A30008', 'K4140A30009', 'K4140A30010', 'K4140A30011', 'K4140A30012', 'K4140A30013', 'K4140A30014', 'K4140A30015', 'K4140A30016', 'K4140A30017', 'K4140A30018', 'K4140A30019', 'K4140A30020', 'K4140A30021', 'K4140A30022', 'K4140A30023', 'K4140A30024', 'K4140A30025', 'NKCL0040008', 'NKCK0290017', 'NKCL0160012']"
K4130Y60001,"['K4130Y60001', 'K4130Y60002', 'K4130Y60003', 'K4130Y60004', 'K4130Y60005', 'K4130Y60006', 'K4130Y60007', 'K4130Y60008', 'K4130Y60009', 'K4130Y60010', 'K4130Y60011', 'K4130Y60012', 'K4130Y60013', 'K4130Y60014', 'K4130Y60015', 'K4130Y60016', 'K4130Y60017', 'K4130Y60018', 'K4130Y60019', 'K4130Y60020', 'K4130Y60021', 'K4130Y60022', 'K4130Y60023', 'K4130Y60024', 'K4130Y60025', 'K4133F00001', 'K4133F00002', 'K4133F00003', 'K4133F00004', 'K4133F00005', 'K4133F00006', 'K4133F00007', 'K4133F00008', 'K4133F00009', 'K4133F00010', 'K4133F00011', 'K4133F00012', 'K4133F00013', 'K4133F00014', 'K4133F00015', 'K4133F00016', 'K4133F00017', 'K4133F00018', 'K4133F00019', 'K4133F00020', 'K4133F00021', 'K4133F00022', 'K4133F00023', 'K4133F00024', 'K4133F00025', 'K4143B70001', 'K4143B70002', 'K4143B70003', 'K4143B70004', 'K4143B70005', 'K4143B70006', 'K4143B70007', 'K4143B70008', 'K4143B70009', 'K4143B70010', 'K4143B70011', 'K4143B70012', 'K4143B70013', 'K4143B70014', 'K4143B70015', 'K4143B70016', 'K4143B70017', 'K4143B70018', 'K4143B70019', 'K4143B70020', 'K4143B70021', 'K4143B70022', 'K4143B70023', 'K4143B70024', 'K4143B70025', 'K4143G20001', 'K4143G20002', 'K4143G20003', 'K4143G20004', 'K4143G20005', 'K4143G20006', 'K4143G20007', 'K4143G20008', 'K4143G20009', 'K4143G20010', 'K4143G20014', 'K4143G20011', 'K4143G20012', 'K4143G20013', 'K4143G20015', 'K4143G20016', 'K4143G20017', 'K4143G20018', 'K4143G20019', 'K4143G20020', 'K4143G20021', 'K4143G20022', 'K4143G20023', 'K4143G20024', 'K4143G20025', 'NKCL0160004', 'NKCL0160009', 'NKCL0160019']"
K4145520001,"['K4145520001', 'K4145520002', 'K4145520003', 'K4145520004', 'K4145520005', 'K4145520006', 'K4145520007', 'K4145520008', 'K4145520009', 'K4145520010', 'K4145520011', 'K4145520012', 'K4145520013', 'K4145520014', 'K4145520015', 'K4145520016', 'K4145520017', 'K4145520018', 'K4145520019', 'K4145520020', 'K4145520021', 'K4145520022', 'K4145520023', 'K4145520024', 'K4145520025', 'K4145T70001', 'K4145T70002', 'K4145T70003', 'K4145T70004', 'K4145T70005', 'K4145T70006', 'K4145T70007', 'K4145T70008', 'K4145T70009', 'K4145T70010', 'K4145T70011', 'K4145T70012', 'K4145T70013', 'K4145T70014', 'K4145T70015', 'K4145T70016', 'K4145T70017', 'K4145T70018', 'K4145T70019', 'K4145T70020', 'K4145T70021', 'K4145T70022', 'K4145T70023', 'K4145T70024', 'K4145T70025', 'K4145U80001', 'K4145U80002', 'K4145U80003', 'K4145U80004', 'K4145U80005', 'K4145U80006', 'K4145U80007', 'K4145U80008', 'K4145U80009', 'K4145U80010', 'K4145U80011', 'K4145U80012', 'K4145U80013', 'K4145U80014', 'K4145U80015', 'K4145U80016', 'K4145U80017', 'K4145U80018', 'K4145U80019', 'K4145U80020', 'K4145U80021', 'K4145U80022', 'K4145U80023', 'K4145U80024', 'K4145U80025', 'NKCM0240004', 'NKCM0240007', 'NKCM0230004']"
K4145N10001,"['K4145N10001', 'K4145N10002', 'K4145N10003', 'K4145N10004', 'K4145N10005', 'K4145N10006', 'K4145N10007', 'K4145N10008', 'K4145N10009', 'K4145N10010', 'K4145N10011', 'K4145N10012', 'K4145N10013', 'K4145N10014', 'K4145N10015', 'K4145N10016', 'K4145N10017', 'K4145N10018', 'K4145N10019', 'K4145N10020', 'K4145N10021', 'K4145N10022', 'K4145N10023', 'K4145N10024', 'K4145N10025', 'K4145S60001', 'K4145S60002', 'K4145S60003', 'K4145S60004', 'K4145S60005', 'K4145S60006', 'K4145S60007', 'K4145S60008', 'K4145S60009', 'K4145S60010', 'K4145S60011', 'K4145S60012', 'K4145S60013', 'K4145S60014', 'K4145S60015', 'K4145S60016', 'K4145S60017', 'K4145S60018', 'K4145S60019', 'K4145S60020', 'K4145S60021', 'K4145S60025', 'K4145S60022', 'K4145S60023', 'K4145S60024', 'K4152P10001', 'K4152P10002', 'K4152P10003', 'K4152P10004', 'K4152P10005', 'K4152P10009', 'K4152P10006', 'K4152P10007', 'K4152P10008', 'K4152P10010', 'K4152P10011', 'K4152P10012', 'K4152P10013', 'K4152P10014', 'K4152P10015', 'K4152P10016', 'K4152P10017', 'K4152P10018', 'K4152P10019', 'K4152P10020', 'K4152P10021', 'K4152P10022', 'K4152P10023', 'K4152P10024', 'K4152P10025', 'NKCM0240021', 'NKCM0240019', 'NKCL0160006']"
K4132T30025,"['K4132T30025', 'K4152J50001', 'K4152J50002', 'K4152J50003', 'K4152J50004', 'K4152J50005', 'K4152J50006', 'K4152J50007', 'K4152J50008', 'K4152J50009', 'K4152J50010', 'K4152J50011', 'K4152J50012', 'K4152J50013', 'K4152J50014', 'K4152J50015', 'K4152J50016', 'K4152J50017', 'K4152J50018', 'K4152J50019', 'K4152J50020', 'K4152J50021', 'K4152J50022', 'K4152J50023', 'K4152J50024', 'K4152J50025', 'NKCM0230004', 'NKCN0030012', 'NKCN0050010']"
K4114F90002,"['K4114F90002', 'K4114F90003', 'K4114F90004', 'K4114F90005', 'K4114F90006', 'K4114F90007', 'K4114F90008', 'K4114F90009', 'K4114F90010', 'K4114F90011', 'K4114F90012', 'K4114F90013', 'K4114F90014', 'K4114F90015', 'K4114F90016', 'K4114F90017', 'K4114F90018', 'K4114F90019', 'K4114F90020', 'K4114F90021', 'K4114F90022', 'K4114F90023', 'K4114F90024', 'K4114F90025', 'NKCN0030008', 'NKCM0240004', 'NKCN0050009']"
K3330240007,"['K3330240007', 'K3330240008', 'K3330240009', 'K3330240010', 'K3330240011', 'K3330240012', 'K3330240013', 'K3330240014', 'K3330240015', 'K3330240016', 'K3330240017', 'K3330240018', 'K3330240019', 'K3330240020', 'K3330240021', 'K3330240022', 'K3330240023', 'K3330240024', 'K3330240025', 'K4145960001', 'K4145960002', 'K4145960003', 'K4145960004', 'K4145960005', 'K4145960006', 'K4145960007', 'K4145960008', 'K4145960009', 'K4145960010', 'K4145960011', 'K4145960012', 'K4145960013', 'K4145960014', 'K4145960015', 'K4145960016', 'K4145960017', 'K4145960018', 'K4145960019', 'K4145960020', 'K4145960021', 'K4145960022', 'K4145960023', 'K4145960024', 'K4145960025', 'K4145P30001', 'K4145P30002', 'K4145P30003', 'K4145P30004', 'K4145P30005', 'K4145P30006', 'K4145P30007', 'K4145P30008', 'K4145P30009', 'K4145P30010', 'K4145P30011', 'K4145P30012', 'K4145P30013', 'K4145P30014', 'K4145P30015', 'K4145P30016', 'K4145P30017', 'K4145P30018', 'K4145P30019', 'K4145P30020', 'K4145P30021', 'K4145P30022', 'K4145P30023', 'K4145P30024', 'K4145P30025', 'K4145Q40001', 'K4145Q40002', 'K4145Q40003', 'K4145Q40004', 'K4145Q40005', 'K4145Q40006', 'K4145Q40007', 'K4145Q40008', 'K4145Q40009', 'K4145Q40010', 'K4145Q40011', 'K4145Q40012', 'K4145Q40013', 'K4145Q40014', 'K4145Q40015', 'K4145Q40016', 'K4145Q40017', 'K4145Q40018', 'K4145Q40019', 'K4145Q40020', 'K4145Q40021', 'K4145Q40022', 'K4145Q40023', 'K4145Q40024', 'K4145Q40025', 'NKCM0230001', 'NKCM0230005', 'NKCL0160003']"
K4143C80001,"['K4143C80001', 'K4143C80002', 'K4143C80003', 'K4143C80004', 'K4143C80005', 'K4143C80006', 'K4143C80007', 'K4143C80008', 'K4143C80009', 'K4143C80010', 'K4143C80011', 'K4143C80012', 'K4143C80013', 'K4143C80014', 'K4143C80015', 'K4143C80016', 'K4143C80017', 'K4143C80018', 'K4143C80019', 'K4143C80020', 'K4143C80021', 'K4143C80022', 'K4143C80023', 'K4143C80024', 'K4143C80025', 'K4145H50001', 'K4145H50002', 'K4145H50006', 'K4145H50003', 'K4145H50004', 'K4145H50005', 'K4145H50007', 'K4145H50008', 'K4145H50009', 'K4145H50010', 'K4145H50011', 'K4145H50012', 'K4145H50013', 'K4145H50014', 'K4145H50015', 'K4145H50016', 'K4145H50017', 'K4145H50018', 'K4145H50019', 'K4145H50020', 'K4145H50021', 'K4145H50022', 'K4145H50023', 'K4145H50024', 'K4145H50025', 'K4145V90001', 'K4145V90002', 'K4145V90003', 'K4145V90004', 'K4145V90005', 'K4145V90006', 'K4145V90007', 'K4145V90008', 'K4145V90009', 'K4145V90010', 'K4145V90011', 'K4145V90012', 'K4145V90013', 'K4145V90014', 'K4145V90015', 'K4145V90016', 'K4145V90017', 'K4145V90018', 'K4145V90019', 'K4145V90020', 'K4145V90021', 'K4145V90022', 'K4145V90023', 'K4145V90024', 'K4145V90025', 'K4152G20001', 'K4152G20002', 'K4152G20003', 'K4152G20004', 'K4152G20005', 'K4152G20006', 'K4152G20007', 'K4152G20011', 'K4152G20008', 'K4152G20009', 'K4152G20010', 'K4152G20012', 'K4152G20013', 'K4152G20014', 'K4152G20015', 'K4152G20016', 'K4152G20017', 'K4152G20018', 'K4152G20019', 'K4152G20020', 'K4152G20021', 'K4152G20022', 'K4152G20023', 'K4152G20024', 'K4152G20025', 'NKCM0240004', 'NKCM0240007', 'NKCM0230003']"
K4145300001,"['K4145300001', 'K4145300002', 'K4145300003', 'K4145300004', 'K4145300005', 'K4145300006', 'K4145300007', 'K4145300008', 'K4145300009', 'K4145300010', 'K4145300011', 'K4145300012', 'K4145300013', 'K4145300014', 'K4145300015', 'K4145300016', 'K4145300017', 'K4145300018', 'K4145300019', 'K4145300020', 'K4145300021', 'K4145300022', 'K4145300023', 'K4145300024', 'K4145300025', 'K4145G40001', 'K4145G40002', 'K4145G40003', 'K4145G40004', 'K4145G40005', 'K4145G40006', 'K4145G40007', 'K4145G40008', 'K4145G40009', 'K4145G40010', 'K4145G40011', 'K4145G40012', 'K4145G40013', 'K4145G40014', 'K4145G40015', 'K4145G40016', 'K4145G40017', 'K4145G40018', 'K4145G40019', 'K4145G40020', 'K4145G40021', 'K4145G40022', 'K4145G40023', 'K4145G40025', 'K4145R50001', 'K4145R50002', 'K4145R50003', 'K4145R50004', 'K4145R50005', 'K4145R50006', 'K4145R50007', 'K4145R50008', 'K4145R50009', 'K4145R50010', 'K4145R50011', 'K4145R50012', 'K4145R50013', 'K4145R50014', 'K4145R50015', 'K4145R50016', 'K4145R50017', 'K4145R50018', 'K4145R50019', 'K4145R50020', 'K4145R50021', 'K4145R50022', 'K4145R50023', 'K4145R50024', 'K4145R50025', 'K4152N90001', 'K4152N90002', 'K4152N90003', 'K4152N90004', 'K4152N90005', 'K4152N90006', 'K4152N90007', 'K4152N90008', 'K4152N90009', 'K4152N90010', 'K4152N90011', 'K4152N90012', 'K4152N90013', 'K4152N90014', 'K4152N90015', 'K4152N90016', 'K4152N90017', 'K4152N90018', 'K4152N90019', 'K4152N90020', 'K4152N90021', 'K4152N90022', 'K4152N90023', 'K4152N90024', 'K4152N90025', 'NKCM0240021', 'NKCM0240019', 'NKCM0240005']"
K4123N70001,"['K4123N70001', 'K4123N70002', 'K4123N70003', 'K4123N70004', 'K4123N70005', 'K4123N70006', 'K4123N70007', 'K4123N70008', 'K4123N70009', 'K4123N70010', 'K4123N70011', 'K4123N70012', 'K4123N70013', 'K4123N70014', 'K4123N70015', 'K4123N70016', 'K4123N70017', 'K4123N70018', 'K4123N70019', 'K4123N70020', 'K4123N70021', 'K4123N70022', 'K4123N70023', 'K4123N70024', 'K4123N70025', 'K4132Q00001', 'K4132Q00002', 'K4132Q00003', 'K4132Q00004', 'K4132Q00005', 'K4132Q00006', 'K4132Q00007', 'K4132Q00008', 'K4132Q00009', 'K4132Q00010', 'K4132Q00011', 'K4132Q00012', 'K4132Q00013', 'K4132Q00014', 'K4132Q00015', 'K4132Q00016', 'K4132Q00017', 'K4132Q00018', 'K4132Q00019', 'K4132Q00020', 'K4132Q00021', 'K4132Q00022', 'K4132Q00023', 'K4132Q00024', 'K4132Q00025', 'K4152Z10001', 'K4152Z10002', 'K4152Z10003', 'K4152Z10004', 'K4152Z10005', 'K4152Z10006', 'K4152Z10007', 'K4152Z10008', 'K4152Z10009', 'K4152Z10010', 'K4152Z10011', 'K4152Z10012', 'K4152Z10013', 'K4152Z10014', 'K4152Z10015', 'K4152Z10016', 'K4152Z10017', 'K4152Z10018', 'K4152Z10019', 'K4152Z10020', 'K4152Z10021', 'K4152Z10022', 'K4152Z10023', 'K4152Z10024', 'K4152Z10025', 'K4154300001', 'K4154300002', 'K4154300003', 'K4154300004', 'K4154300005', 'K4154300006', 'K4154300007', 'K4154300008', 'K4154300012', 'K4154300009', 'K4154300010', 'K4154300011', 'K4154300013', 'K4154300014', 'K4154300015', 'K4154300016', 'K4154300017', 'K4154300018', 'K4154300019', 'K4154300020', 'K4154300021', 'K4154300022', 'K4154300023', 'K4154300024', 'K4154300025', 'NKCN0210017', 'NKCN0030022', 'NKCL0160010']"
K4143M80001,"['K4143M80001', 'K4143M80002', 'K4143M80003', 'K4143M80007', 'K4143M80004', 'K4143M80005', 'K4143M80006', 'K4143M80008', 'K4143M80009', 'K4143M80010', 'K4143M80011', 'K4143M80012', 'K4143M80013', 'K4143M80014', 'K4143M80015', 'K4143M80016', 'K4143M80017', 'K4143M80018', 'K4143M80019', 'K4143M80020', 'K4143M80021', 'K4143M80022', 'K4143M80023', 'K4143M80024', 'K4153840001', 'K4153840002', 'K4153840003', 'K4153840004', 'K4153840005', 'K4153840006', 'K4153840007', 'K4153840008', 'K4153840009', 'K4153840010', 'K4153840011', 'K4153840012', 'K4153840013', 'K4153840014', 'K4153840015', 'K4153840016', 'K4153840018', 'K4153840019', 'K4153840020', 'K4153840021', 'K4153840022', 'K4153840023', 'K4153840024', 'K4153840025', 'K4154630001', 'K4154630002', 'K4154630003', 'K4154630004', 'K4154630005', 'K4154630006', 'K4154630007', 'K4154630008', 'K4154630009', 'K4154630010', 'K4154630011', 'K4154630012', 'K4154630013', 'K4154630014', 'K4154630015', 'K4154630016', 'K4154630017', 'K4154630018', 'K4154630019', 'K4154630020', 'K4154630021', 'K4154630022', 'K4154630023', 'K4154630024', 'K4154630025', 'K4154G40001', 'K4154G40002', 'K4154G40003', 'K4154G40004', 'K4154G40005', 'K4154G40006', 'K4154G40007', 'K4154G40008', 'K4154G40009', 'K4154G40010', 'K4154G40011', 'K4154G40012', 'K4154G40013', 'K4154G40014', 'K4154G40015', 'K4154G40016', 'K4154G40017', 'K4154G40018', 'K4154G40019', 'K4154G40020', 'K4154G40021', 'K4154G40022', 'K4154G40023', 'K4154G40024', 'K4154G40025', 'NKAN0030003', 'NKCK0290019', 'NKCK0290024']"
